loss,accuracy
0.18072621524333954,0.945147693157196
