loss,accuracy
0.5930107831954956,0.8176470398902893
