loss,accuracy
0.5741644501686096,0.820588231086731
