loss,accuracy
0.5639852285385132,0.8176470398902893
