loss,accuracy
0.014814283698797226,0.9922480583190918
