loss,accuracy
0.6695091128349304,0.7941176295280457
